                  epoch,         train/box_loss,         train/cls_loss,         train/dfl_loss,   metrics/precision(B),      metrics/recall(B),       metrics/mAP50(B),    metrics/mAP50-95(B),           val/box_loss,           val/cls_loss,           val/dfl_loss,                 lr/pg0,                 lr/pg1,                 lr/pg2
                      0,                 1.1891,                 1.4267,                 1.2624,                0.65969,                0.53979,                0.61788,                0.45881,                 1.0772,                  1.101,                 1.1215,                 0.0937,                 0.0007,                 0.0007
                      1,                 1.1598,                 1.3818,                 1.2725,                0.68286,                0.55744,                 0.6307,                0.47268,                 1.0657,                 1.0515,                 1.1074,               0.086485,              0.0014851,              0.0014851
                      2,                 1.1912,                 1.2691,                 1.2334,                0.66556,                0.57892,                0.65136,                0.48943,                 1.0555,                 1.0105,                 1.0999,               0.079254,              0.0022545,              0.0022545
                      3,                 1.0809,                 1.2129,                 1.1817,                0.66855,                 0.6244,                 0.6792,                0.51763,                 1.0459,                0.98415,                 1.0937,               0.072008,              0.0030079,              0.0030079
                      4,                 1.1038,                 1.1609,                 1.1578,                0.67615,                0.62179,                0.68309,                0.50943,                 1.0411,                0.98318,                   1.09,               0.064746,              0.0037456,              0.0037456
                      5,                 1.1617,                 1.1367,                 1.1918,                0.72252,                0.57108,                0.64508,                0.47569,                 1.0976,                 1.0842,                 1.1071,               0.057467,              0.0044673,              0.0044673
